Workbook

Sheet Instruções
A1: Avaliação por competências · Surcin
A2: Versão 1 · 13/10/2026 · proposta para validação da Thamires · uso interno até revisão do Renato
A4: Proposta para a Thamires validar. Pesos, faixas e valores ficam na aba Parâmetros e podem ser alterados.
A5: Células amarelas são de preenchimento; células azuis são calculadas. Não apague as fórmulas.
A6: Use um arquivo por ciclo (semestre). Antes de começar, preencha o nome do ciclo na aba Parâmetros.
A7: 1. Todo mês, lance faltas injustificadas, atrasos e faltas justificadas/atestados na aba Assiduidade.
A8: 2. No fim do semestre, cada funcionária preenche a coluna Autoavaliação da sua aba, com exemplos.
A9: 3. A Thamires preenche a coluna Avaliação Thamires e os dois indicadores da função (em %).
A10: 4. Na conversa individual, fechem a Nota final. Se ficar em branco, vale a nota da Thamires.
A11: 5. Registre de 2 a 3 ações na aba PDI (plano de desenvolvimento individual).
A12: 6. No 2º semestre, copie a nota final do 1º semestre para a aba Resumo. A nota do ano é a média dos dois.
A13: 7. A gratificação só é paga no fim do ano. O valor é limitado à reserva acumulada (aba Parâmetros).
... A16: Confidencial: cada funcionária vê só a própria aba. Guarde o arquivo em pasta de acesso restrito. Não anexe atestados aqui; registre só a quantidade.

Sheet Resumo
A1: Resumo do ciclo e gratificação
A2: Versão 1 · 13/10/2026 · proposta para validação da Thamires · uso interno até revisão do Renato
A3: ="Ciclo: "&Parâmetros!B4
A5: Funcionária | B5: Comportamentais | C5: Técnicas | D5: Indicadores | E5: Nota deste ciclo | F5: Nota do 1º semestre (copiar no 2º ciclo) | G5: Nota do ano | H5: Faixa | I5: % da referência | J5: Valor de referência | K5: Participa? | L5: Gratificação calculada | M5: Gratificação ajustada ao fundo
A6: Júlia | B6: ='Júlia'!D28 | C6: ='Júlia'!D29 | D6: ='Júlia'!D30 | E6: ='Júlia'!D31 | G6: =IF(E6="","",IF(F6="",E6,ROUND(AVERAGE(E6,F6),2))) | H6: =IF(G6="","",LOOKUP(G6,Parâmetros!$A$20:$A$23,Parâmetros!$C$20:$C$23)) | I6: =IF(G6="","",LOOKUP(G6,Parâmetros!$A$20:$A$23,Parâmetros!$B$20:$B$23)) | J6: =Parâmetros!B26 | K6: =Parâmetros!C26 | L6: =IF(OR(I6="",K6<>"Sim"),0,ROUND(I6*J6,2)) | M6: =IF(L$10=0,0,ROUND(L6*MIN(1,Parâmetros!$B$33/L$10),2))
A7: Vitória | B7: ='Vitória'!D28 | C7: ='Vitória'!D29 | D7: ='Vitória'!D30 | E7: ='Vitória'!D31 | G7: =IF(E7="","",IF(F7="",E7,ROUND(AVERAGE(E7,F7),2))) | H7: =IF(G7="","",LOOKUP(G7,Parâmetros!$A$20:$A$23,Parâmetros!$C$20:$C$23)) | I7: =IF(G7="","",LOOKUP(G7,Parâmetros!$A$20:$A$23,Parâmetros!$B$20:$B$23)) | J7: =Parâmetros!B27 | K7: =Parâmetros!C27 | L7: =IF(OR(I7="",K7<>"Sim"),0,ROUND(I7*J7,2)) | M7: =IF(L$10=0,0,ROUND(L7*MIN(1,Parâmetros!$B$33/L$10),2))
A8: Tamara | B8: ='Tamara'!D28 | C8: ='Tamara'!D29 | D8: ='Tamara'!D30 | E8: ='Tamara'!D31 | G8: =IF(E8="","",IF(F8="",E8,ROUND(AVERAGE(E8,F8),2))) | H8: =IF(G8="","",LOOKUP(G8,Parâmetros!$A$20:$A$23,Parâmetros!$C$20:$C$23)) | I8: =IF(G8="","",LOOKUP(G8,Parâmetros!$A$20:$A$23,Parâmetros!$B$20:$B$23)) | J8: =Parâmetros!B28 | K8: =Parâmetros!C28 | L8: =IF(OR(I8="",K8<>"Sim"),0,ROUND(I8*J8,2)) | M8: =IF(L$10=0,0,ROUND(L8*MIN(1,Parâmetros!$B$33/L$10),2))
A9: Alana | B9: ='Alana'!D28 | C9: ='Alana'!D29 | D9: ='Alana'!D30 | E9: ='Alana'!D31 | G9: =IF(E9="","",IF(F9="",E9,ROUND(AVERAGE(E9,F9),2))) | H9: =IF(G9="","",LOOKUP(G9,Parâmetros!$A$20:$A$23,Parâmetros!$C$20:$C$23)) | I9: =IF(G9="","",LOOKUP(G9,Parâmetros!$A$20:$A$23,Parâmetros!$B$20:$B$23)) | J9: =Parâmetros!B29 | K9: =Parâmetros!C29 | L9: =IF(OR(I9="",K9<>"Sim"),0,ROUND(I9*J9,2)) | M9: =IF(L$10=0,0,ROUND(L9*MIN(1,Parâmetros!$B$33/L$10),2))
A10: Total | L10: =SUM(L6:L9) | M10: =SUM(M6:M9)
A11: Fundo disponível | M11: =Parâmetros!B33
A13: A gratificação é apurada só no fim do ano. Se a soma calculada passar do fundo, todas são reduzidas na mesma proporção. Valores e forma de pagamento dependem de revisão trabalhista.

Sheet Parâmetros
A1: Parâmetros
A2: Versão 1 · 13/10/2026 · proposta para validação da Thamires · uso interno até revisão do Renato
A4: Ciclo | B4: 1º semestre de 2027
A6: Bloco | B6: Peso
A7: Competências comportamentais (comuns a todas) | B7: 0.4
A8: Competências técnicas da função | B8: 0.4
A9: Indicadores objetivos | B9: 0.2
A10: Soma (deve ser 100%) | B10: =SUM(B7:B9)
A12: Faltas injustificadas (a partir de) | B12: Nota | D12: Atrasos (a partir de) | E12: Nota | G12: Cumprimento do indicador (a partir de) | H12: Nota
A13: 0 | B13: 5 | D13: 0 | E13: 5 | G13: 0 | H13: 1
A14: 1 | B14: 4 | D14: 3 | E14: 4 | G14: 0.8 | H14: 2
A15: 2 | B15: 3 | D15: 6 | E15: 3 | G15: 0.9 | H15: 3
A16: 3 | B16: 2 | D16: 9 | E16: 2 | G16: 0.95 | H16: 4
A17: 4 | B17: 1 | D17: 13 | E17: 1 | G17: 0.98 | H17: 5
A19: Nota do ano (a partir de) | B19: % da referência | C19: Faixa
A20: 0 | B20: 0 | C20: Abaixo do esperado
A21: 2.5 | B21: 0.5 | C21: Em desenvolvimento
A22: 3.5 | B22: 1 | C22: Atende
A23: 4.5 | B23: 1.2 | C23: Destaque
A25: Funcionária | B25: Valor de referência da gratificação (R$) | C25: Participa da gratificação?
A26: Júlia | B26: 0 | C26: Sim
A27: Vitória | B27: 0 | C27: Sim
A28: Tamara | B28: 0 | C28: Sim
A29: Alana | B29: 0 | C29: A definir
A31: Reserva mensal para o fundo (R$) | B31: 0
A32: Meses de reserva no ano | B32: 12
A33: Fundo disponível no fim do ano (R$) | B33: =B31*B32
A35: Valores zerados de propósito: a Thamires define a referência e a reserva.

Sheet Competências
A1: Catálogo de competências
A2: Versão 1 · 13/10/2026 · proposta para validação da Thamires · uso interno até revisão do Renato
A4: Código | B4: Competência | C4: Definição | D4: Nível 1 | E4: Nível 3 | F4: Nível 5 | G4: Origem
A5: C1 | B5: Qualidade e conformidade com procedimentos | C5: Executa conforme o passo a passo e o checklist, confere antes de entregar e registra a evidência. | D5: Entrega sem conferir, pula etapas do checklist, conclui cartão sem o documento. | E5: Segue o procedimento, confere e anexa a evidência; erros são raros e corrigidos assim que apontados. | F5: Encontra o erro antes que chegue ao cliente e propõe ajustes no procedimento. | G5: Briefing, seção 10
A6: C2 | B6: Cumprimento de prazos | C6: Entrega no prazo combinado e avisa com antecedência quando há risco de atraso. | D6: Perde prazos ou entrega em cima da hora sem avisar. | E6: Cumpre os prazos da rotina e avisa antes quando algo vai atrasar. | F6: Organiza a semana pelos vencimentos, antecipa entregas críticas e ajuda a destravar prazos dos colegas. | G6: Briefing, seção 10 (pontualidade)
A7: C3 | B7: Proatividade | C7: Identifica pendências e age sem precisar ser cobrada. | D7: Espera ser lembrada para agir. | E7: Percebe as pendências da própria rotina e resolve sem cobrança. | F7: Antecipa problemas de clientes e da empresa e chega com a solução junto com o problema. | G7: Briefing, seção 10
A8: C4 | B8: Autonomia | C8: Consulta o procedimento e a base de conhecimento antes de escalar; quando escala, leva o caso já levantado. | D8: Leva toda dúvida à Thamires sem consultar o material disponível. | E8: Resolve as dúvidas comuns com os passo a passos e escala só exceções, com as informações reunidas. | F8: Resolve situações novas com bom critério e registra a solução para a equipe. | G8: Briefing, seção 10; reunião 00:18 ("tudo tá centralizado em mim")
A9: C5 | B9: Comunicação escrita e atendimento | C9: Escreve de forma clara e cordial, retorna o cliente no prazo e registra o que foi combinado. | D9: Mensagens incompletas ou confusas; cliente fica sem retorno. | E9: Mensagens claras e cordiais, retorno no prazo, combinados registrados. | F9: Antecipa as dúvidas do cliente e cria modelos de mensagem que a equipe passa a usar. | G9: Briefing, seção 10 (escrita/atendimento)
A10: C6 | B10: Comprometimento | C10: Assume a responsabilidade pelas próprias entregas e cumpre o que combinou. | D10: Deixa pendência crítica sem combinar o repasse; não reconhece os próprios erros. | E10: Assume as entregas, cumpre combinados, reconhece e corrige os erros. | F10: Age como dona do resultado do processo e se oferece para cobrir quando falta alguém, dentro da jornada combinada. | G10: Reunião 01:58 ("perfil e comprometimento")
A11: C7 | B11: Colaboração | C11: Apoia colegas, compartilha o que sabe e cobre ausências quando combinado. | D11: Trabalha isolada; o que sabe fica só com ela. | E11: Ajuda quando solicitada e repassa informações completas nas trocas e coberturas. | F11: Ensina, documenta e organiza coberturas sem precisar de intervenção da Thamires. | G11: Sugestão do consultor (redistribuição das funções da Dani, reunião 02:24)
A12: C8 | B12: Evolução profissional | C12: Aplica o feedback recebido e cumpre as ações do plano de desenvolvimento. | D12: Repete os mesmos erros e não busca aprender. | E12: Aplica o feedback e cumpre as ações combinadas no plano de desenvolvimento. | F12: Busca aprender por conta própria, aplica e ensina o que aprendeu. | G12: Briefing, seção 10; reunião 01:58 ("conhecimento a gente desenvolve")
A14: Código | B14: Funcionária · competência técnica | C14: O que é atender (nota 3) | D14: Evidência
A15: T1 | B15: Júlia · Triagem e distribuição das demandas | C15: Toda demanda que chega por WhatsApp/Nestzap ou Veri é registrada no Trello e distribuída no mesmo dia; nada fica perdido em grupos. | D15: Demandas distribuídas no dia
A16: T2 | B16: Júlia · Agenda e documentos | C16: Agenda da operação em dia; documentos salvos na pasta certa do OneDrive, no padrão de nome combinado. | D16: Documentos no lugar certo na conferência por amostra
A17: T3 | B17: Júlia · Implantação de novos clientes | C17: Checklist de novo cliente cumprido por completo (pasta, grupo, dados, cadastro), sem pendência aberta. | D17: Tempo de implantação; checklists completos
A18: T4 | B18: Júlia · Propostas e contratos | C18: Propostas e contratos feitos a partir dos modelos, com dados conferidos e dentro do prazo combinado com o cliente. | D18: Propostas enviadas no prazo; contratos sem retrabalho
A19: T5 | B19: Júlia · Apoio ao fiscal | C19: Guias enviadas a todos os clientes com registro na rotina, conferindo se a guia é do cliente certo. | D19: Envios registrados; nenhuma guia trocada
A20: T1 | B20: Vitória · Pagamentos dos clientes | C20: Pagamentos feitos nos dias da rotina, com a guia conferida antes (cliente, valor e vencimento). | D20: Pagamentos sem atraso e sem guia trocada
A21: T2 | B21: Vitória · Conciliação semanal | C21: Conciliação no Conta Azul em dia, toda semana; clientes conciliados até o dia 1º. | D21: Clientes conciliados até o dia 1º
A22: T3 | B22: Vitória · Emissão de notas fiscais | C22: Notas emitidas no prazo e com os dados corretos. | D22: Notas canceladas ou corrigidas no mês
A23: T4 | B23: Vitória · Preparação do fechamento | C23: Material do fechamento pronto para a reunião de resultado na primeira semana do mês. | D23: Fechamentos entregues na 1ª semana
A24: T5 | B24: Vitória · Análise e revisão | C24: Identifica lançamentos e classificações inconsistentes e sinaliza antes do fechamento. | D24: Inconsistências apontadas antes da reunião
A25: T1 | B25: Tamara · Folha mensal | C25: Folhas fechadas e enviadas até o 5º dia útil. | D25: Folhas no prazo
... A34: T5 | B34: Alana · Aprendizado técnico | C34: Aplica no trabalho o que aprende e precisa de menos revisão a cada ciclo. | D34: Evolução das correções entre ciclos
A36: Código | B36: Trilha de supervisão (Júlia) | C36: O que se espera
A37: L1 | B37: Priorização | C37: Organiza as demandas da equipe por prazo e impacto e deixa claro o que vem primeiro.
A38: L2 | B38: Delegar e acompanhar | C38: Distribui tarefas com instrução clara e acompanha até a entrega, sem fazer pela pessoa.
A39: L3 | B39: Feedback | C39: Dá retorno direto e respeitoso às colegas e recebe críticas sem se defender.
A40: L4 | B40: Eficácia | C40: Mede o próprio trabalho pelo resultado entregue, não pelo volume de tarefas (reunião 02:25).
A41: L5 | B41: Postura de referência | C41: Representa os combinados da empresa diante da equipe e dos clientes.

Sheet Assiduidade
A1: Registro mensal de assiduidade
A2: Versão 1 · 13/10/2026 · proposta para validação da Thamires · uso interno até revisão do Renato
A3: ="Ciclo: "&Parâmetros!B4
A4: Mês | B4: Funcionária | C4: Faltas injustificadas | D4: Atrasos | E4: Faltas justificadas / atestados (só registro) | F4: Observação
A5: Mês 1 | B5: Júlia | C5: 0 | D5: 0 | E5: 0
A6: Mês 1 | B6: Vitória | C6: 0 | D6: 0 | E6: 0
A7: Mês 1 | B7: Tamara | C7: 0 | D7: 0 | E7: 0
A8: Mês 1 | B8: Alana | C8: 0 | D8: 0 | E8: 0
A9: Mês 2 | B9: Júlia | C9: 0 | D9: 0 | E9: 0
A10: Mês 2 | B10: Vitória | C10: 0 | D10: 0 | E10: 0
A11: Mês 2 | B11: Tamara | C11: 0 | D11: 0 | E11: 0
A12: Mês 2 | B12: Alana | C12: 0 | D12: 0 | E12: 0
A13: Mês 3 | B13: Júlia | C13: 0 | D13: 0 | E13: 0
A14: Mês 3 | B14: Vitória | C14: 0 | D14: 0 | E14: 0
A15: Mês 3 | B15: Tamara | C15: 0 | D15: 0 | E15: 0
A16: Mês 3 | B16: Alana | C16: 0 | D16: 0 | E16: 0
... A28: Mês 6 | B28: Alana | C28: 0 | D28: 0 | E28: 0

Sheet Júlia
A1: Júlia · Secretaria, atendimento e entrada de clientes
A2: Versão 1 · 13/10/2026 · proposta para validação da Thamires · uso interno até revisão do Renato
A3: ="Ciclo: "&Parâmetros!B4
A5: Bloco | B5: Código | C5: Competência | D5: Autoavaliação | E5: Avaliação Thamires | F5: Nota final (acordada) | G5: Nota considerada | H5: Exemplos e evidências do período
A6: Comportamental | B6: C1 | C6: Qualidade e conformidade com procedimentos | G6: =IF(F6<>"",F6,IF(E6<>"",E6,""))
A7: Comportamental | B7: C2 | C7: Cumprimento de prazos | G7: =IF(F7<>"",F7,IF(E7<>"",E7,""))
A8: Comportamental | B8: C3 | C8: Proatividade | G8: =IF(F8<>"",F8,IF(E8<>"",E8,""))
A9: Comportamental | B9: C4 | C9: Autonomia | G9: =IF(F9<>"",F9,IF(E9<>"",E9,""))
A10: Comportamental | B10: C5 | C10: Comunicação escrita e atendimento | G10: =IF(F10<>"",F10,IF(E10<>"",E10,""))
A11: Comportamental | B11: C6 | C11: Comprometimento | G11: =IF(F11<>"",F11,IF(E11<>"",E11,""))
A12: Comportamental | B12: C7 | C12: Colaboração | G12: =IF(F12<>"",F12,IF(E12<>"",E12,""))
A13: Comportamental | B13: C8 | C13: Evolução profissional | G13: =IF(F13<>"",F13,IF(E13<>"",E13,""))
A14: Técnica | B14: T1 | C14: Triagem e distribuição das demandas | G14: =IF(F14<>"",F14,IF(E14<>"",E14,""))
A15: Técnica | B15: T2 | C15: Agenda e documentos | G15: =IF(F15<>"",F15,IF(E15<>"",E15,""))
A16: Técnica | B16: T3 | C16: Implantação de novos clientes | G16: =IF(F16<>"",F16,IF(E16<>"",E16,""))
A17: Técnica | B17: T4 | C17: Propostas e contratos | G17: =IF(F17<>"",F17,IF(E17<>"",E17,""))
A18: Técnica | B18: T5 | C18: Apoio ao fiscal | G18: =IF(F18<>"",F18,IF(E18<>"",E18,""))
A20: Bloco | C20: Indicador objetivo | D20: Valor do período | G20: Nota | H20: Fonte / observação
A21: Indicador | C21: Faltas injustificadas no semestre | D21: =SUMIFS(Assiduidade!$C$5:$C$28,Assiduidade!$B$5:$B$28,"Júlia") | G21: =LOOKUP(D21,Parâmetros!$A$13:$A$17,Parâmetros!$B$13:$B$17) | H21: Aba Assiduidade
A22: Indicador | C22: Atrasos no semestre | D22: =SUMIFS(Assiduidade!$D$5:$D$28,Assiduidade!$B$5:$B$28,"Júlia") | G22: =LOOKUP(D22,Parâmetros!$D$13:$D$17,Parâmetros!$E$13:$E$17) | H22: Aba Assiduidade
A23: Indicador | C23: Demandas distribuídas no mesmo dia (%) | G23: =IF(D23="","",LOOKUP(D23,Parâmetros!$G$13:$G$17,Parâmetros!$H$13:$H$17)) | H23: Trello
A24: Indicador | C24: Implantações concluídas com checklist completo (%) | G24: =IF(D24="","",LOOKUP(D24,Parâmetros!$G$13:$G$17,Parâmetros!$H$13:$H$17)) | H24: Trello
A25: Registro | C25: Faltas justificadas / atestados (não entram na nota) | D25: =SUMIFS(Assiduidade!$E$5:$E$28,Assiduidade!$B$5:$B$28,"Júlia")
A27: Resultado | C27: Bloco | D27: Média | E27: Peso
C28: Competências comportamentais (comuns a todas) | D28: =IFERROR(ROUND(AVERAGE(G6:G13),2),"") | E28: =Parâmetros!B7
C29: Competências técnicas da função | D29: =IFERROR(ROUND(AVERAGE(G14:G18),2),"") | E29: =Parâmetros!B8
C30: Indicadores objetivos | D30: =IFERROR(ROUND(AVERAGE(G21:G24),2),"") | E30: =Parâmetros!B9
C31: Nota final do ciclo | D31: =IF(OR(D28="",D29="",D30=""),"",ROUND(D28*E28+D29*E29+D30*E30,2)) | E31: =IF(D31="","",LOOKUP(D31,Parâmetros!$A$20:$A$23,Parâmetros!$C$20:$C$23))
A33: Trilha de supervisão: desenvolvimento, não entra na nota nem na gratificação
A34: Bloco | B34: Código | C34: Competência | D34: Autoavaliação | E34: Avaliação Thamires | H34: Exemplos e próximos passos
A35: Supervisão | B35: L1 | C35: Priorização
A36: Supervisão | B36: L2 | C36: Delegar e acompanhar
A37: Supervisão | B37: L3 | C37: Feedback
A38: Supervisão | B38: L4 | C38: Eficácia
A39: Supervisão | B39: L5 | C39: Postura de referência

Sheet Vitória
A1: Vitória · Financeiro
A2: Versão 1 · 13/10/2026 · proposta para validação da Thamires · uso interno até revisão do Renato
A3: ="Ciclo: "&Parâmetros!B4
A5: Bloco | B5: Código | C5: Competência | D5: Autoavaliação | E5: Avaliação Thamires | F5: Nota final (acordada) | G5: Nota considerada | H5: Exemplos e evidências do período
A6: Comportamental | B6: C1 | C6: Qualidade e conformidade com procedimentos | G6: =IF(F6<>"",F6,IF(E6<>"",E6,""))
A7: Comportamental | B7: C2 | C7: Cumprimento de prazos | G7: =IF(F7<>"",F7,IF(E7<>"",E7,""))
A8: Comportamental | B8: C3 | C8: Proatividade | G8: =IF(F8<>"",F8,IF(E8<>"",E8,""))
A9: Comportamental | B9: C4 | C9: Autonomia | G9: =IF(F9<>"",F9,IF(E9<>"",E9,""))
A10: Comportamental | B10: C5 | C10: Comunicação escrita e atendimento | G10: =IF(F10<>"",F10,IF(E10<>"",E10,""))
A11: Comportamental | B11: C6 | C11: Comprometimento | G11: =IF(F11<>"",F11,IF(E11<>"",E11,""))
A12: Comportamental | B12: C7 | C12: Colaboração | G12: =IF(F12<>"",F12,IF(E12<>"",E12,""))
A13: Comportamental | B13: C8 | C13: Evolução profissional | G13: =IF(F13<>"",F13,IF(E13<>"",E13,""))
A14: Técnica | B14: T1 | C14: Pagamentos dos clientes | G14: =IF(F14<>"",F14,IF(E14<>"",E14,""))
A15: Técnica | B15: T2 | C15: Conciliação semanal | G15: =IF(F15<>"",F15,IF(E15<>"",E15,""))
A16: Técnica | B16: T3 | C16: Emissão de notas fiscais | G16: =IF(F16<>"",F16,IF(E16<>"",E16,""))
A17: Técnica | B17: T4 | C17: Preparação do fechamento | G17: =IF(F17<>"",F17,IF(E17<>"",E17,""))
A18: Técnica | B18: T5 | C18: Análise e revisão | G18: =IF(F18<>"",F18,IF(E18<>"",E18,""))
A20: Bloco | C20: Indicador objetivo | D20: Valor do período | G20: Nota | H20: Fonte / observação
A21: Indicador | C21: Faltas injustificadas no semestre | D21: =SUMIFS(Assiduidade!$C$5:$C$28,Assiduidade!$B$5:$B$28,"Vitória") | G21: =LOOKUP(D21,Parâmetros!$A$13:$A$17,Parâmetros!$B$13:$B$17) | H21: Aba Assiduidade
A22: Indicador | C22: Atrasos no semestre | D22: =SUMIFS(Assiduidade!$D$5:$D$28,Assiduidade!$B$5:$B$28,"Vitória") | G22: =LOOKUP(D22,Parâmetros!$D$13:$D$17,Parâmetros!$E$13:$E$17) | H22: Aba Assiduidade
A23: Indicador | C23: Clientes conciliados até o dia 1º (%) | G23: =IF(D23="","",LOOKUP(D23,Parâmetros!$G$13:$G$17,Parâmetros!$H$13:$H$17)) | H23: Conta Azul / Trello
A24: Indicador | C24: Fechamentos entregues na 1ª semana (%) | G24: =IF(D24="","",LOOKUP(D24,Parâmetros!$G$13:$G$17,Parâmetros!$H$13:$H$17)) | H24: Trello
A25: Registro | C25: Faltas justificadas / atestados (não entram na nota) | D25: =SUMIFS(Assiduidade!$E$5:$E$28,Assiduidade!$B$5:$B$28,"Vitória")
A27: Resultado | C27: Bloco | D27: Média | E27: Peso
C28: Competências comportamentais (comuns a todas) | D28: =IFERROR(ROUND(AVERAGE(G6:G13),2),"") | E28: =Parâmetros!B7
C29: Competências técnicas da função | D29: =IFERROR(ROUND(AVERAGE(G14:G18),2),"") | E29: =Parâmetros!B8
C30: Indicadores objetivos | D30: =IFERROR(ROUND(AVERAGE(G21:G24),2),"") | E30: =Parâmetros!B9
C31: Nota final do ciclo | D31: =IF(OR(D28="",D29="",D30=""),"",ROUND(D28*E28+D29*E29+D30*E30,2)) | E31: =IF(D31="","",LOOKUP(D31,Parâmetros!$A$20:$A$23,Parâmetros!$C$20:$C$23))

Sheet Tamara
A1: Tamara · Departamento Pessoal
A2: Versão 1 · 13/10/2026 · proposta para validação da Thamires · uso interno até revisão do Renato
A3: ="Ciclo: "&Parâmetros!B4
A5: Bloco | B5: Código | C5: Competência | D5: Autoavaliação | E5: Avaliação Thamires | F5: Nota final (acordada) | G5: Nota considerada | H5: Exemplos e evidências do período
A6: Comportamental | B6: C1 | C6: Qualidade e conformidade com procedimentos | G6: =IF(F6<>"",F6,IF(E6<>"",E6,""))
A7: Comportamental | B7: C2 | C7: Cumprimento de prazos | G7: =IF(F7<>"",F7,IF(E7<>"",E7,""))
A8: Comportamental | B8: C3 | C8: Proatividade | G8: =IF(F8<>"",F8,IF(E8<>"",E8,""))
A9: Comportamental | B9: C4 | C9: Autonomia | G9: =IF(F9<>"",F9,IF(E9<>"",E9,""))
A10: Comportamental | B10: C5 | C10: Comunicação escrita e atendimento | G10: =IF(F10<>"",F10,IF(E10<>"",E10,""))
A11: Comportamental | B11: C6 | C11: Comprometimento | G11: =IF(F11<>"",F11,IF(E11<>"",E11,""))
A12: Comportamental | B12: C7 | C12: Colaboração | G12: =IF(F12<>"",F12,IF(E12<>"",E12,""))
A13: Comportamental | B13: C8 | C13: Evolução profissional | G13: =IF(F13<>"",F13,IF(E13<>"",E13,""))
A14: Técnica | B14: T1 | C14: Folha mensal | G14: =IF(F14<>"",F14,IF(E14<>"",E14,""))
A15: Técnica | B15: T2 | C15: Admissões e rescisões | G15: =IF(F15<>"",F15,IF(E15<>"",E15,""))
A16: Técnica | B16: T3 | C16: eSocial e obrigações trabalhistas | G16: =IF(F16<>"",F16,IF(E16<>"",E16,""))
A17: Técnica | B17: T4 | C17: Regularização de pendências antigas | G17: =IF(F17<>"",F17,IF(E17<>"",E17,""))
A18: Técnica | B18: T5 | C18: Atendimento aos clientes de DP | G18: =IF(F18<>"",F18,IF(E18<>"",E18,""))
A20: Bloco | C20: Indicador objetivo | D20: Valor do período | G20: Nota | H20: Fonte / observação
A21: Indicador | C21: Faltas injustificadas no semestre | D21: =SUMIFS(Assiduidade!$C$5:$C$28,Assiduidade!$B$5:$B$28,"Tamara") | G21: =LOOKUP(D21,Parâmetros!$A$13:$A$17,Parâmetros!$B$13:$B$17) | H21: Aba Assiduidade
A22: Indicador | C22: Atrasos no semestre | D22: =SUMIFS(Assiduidade!$D$5:$D$28,Assiduidade!$B$5:$B$28,"Tamara") | G22: =LOOKUP(D22,Parâmetros!$D$13:$D$17,Parâmetros!$E$13:$E$17) | H22: Aba Assiduidade
A23: Indicador | C23: Folhas entregues até o 5º dia útil (%) | G23: =IF(D23="","",LOOKUP(D23,Parâmetros!$G$13:$G$17,Parâmetros!$H$13:$H$17)) | H23: Domínio / Trello
A24: Indicador | C24: Pendências antigas resolvidas no semestre (%) | G24: =IF(D24="","",LOOKUP(D24,Parâmetros!$G$13:$G$17,Parâmetros!$H$13:$H$17)) | H24: Controle de pendências
A25: Registro | C25: Faltas justificadas / atestados (não entram na nota) | D25: =SUMIFS(Assiduidade!$E$5:$E$28,Assiduidade!$B$5:$B$28,"Tamara")
A27: Resultado | C27: Bloco | D27: Média | E27: Peso
C28: Competências comportamentais (comuns a todas) | D28: =IFERROR(ROUND(AVERAGE(G6:G13),2),"") | E28: =Parâmetros!B7
C29: Competências técnicas da função | D29: =IFERROR(ROUND(AVERAGE(G14:G18),2),"") | E29: =Parâmetros!B8
C30: Indicadores objetivos | D30: =IFERROR(ROUND(AVERAGE(G21:G24),2),"") | E30: =Parâmetros!B9
C31: Nota final do ciclo | D31: =IF(OR(D28="",D29="",D30=""),"",ROUND(D28*E28+D29*E29+D30*E30,2)) | E31: =IF(D31="","",LOOKUP(D31,Parâmetros!$A$20:$A$23,Parâmetros!$C$20:$C$23))
A33: Se ela continuar emitindo notas a partir de novembro (divergência entre reunião e briefing), incluir a competência "Emissão de notas fiscais" igual à da Vitória.

Sheet Alana
A1: Alana · Estágio no jurídico e no societário (dois dias por semana)
A2: Versão 1 · 13/10/2026 · proposta para validação da Thamires · uso interno até revisão do Renato
A3: ="Ciclo: "&Parâmetros!B4
A5: Bloco | B5: Código | C5: Competência | D5: Autoavaliação | E5: Avaliação Thamires | F5: Nota final (acordada) | G5: Nota considerada | H5: Exemplos e evidências do período
A6: Comportamental | B6: C1 | C6: Qualidade e conformidade com procedimentos | G6: =IF(F6<>"",F6,IF(E6<>"",E6,""))
A7: Comportamental | B7: C2 | C7: Cumprimento de prazos | G7: =IF(F7<>"",F7,IF(E7<>"",E7,""))
A8: Comportamental | B8: C3 | C8: Proatividade | G8: =IF(F8<>"",F8,IF(E8<>"",E8,""))
A9: Comportamental | B9: C4 | C9: Autonomia | G9: =IF(F9<>"",F9,IF(E9<>"",E9,""))
A10: Comportamental | B10: C5 | C10: Comunicação escrita e atendimento | G10: =IF(F10<>"",F10,IF(E10<>"",E10,""))
A11: Comportamental | B11: C6 | C11: Comprometimento | G11: =IF(F11<>"",F11,IF(E11<>"",E11,""))
A12: Comportamental | B12: C7 | C12: Colaboração | G12: =IF(F12<>"",F12,IF(E12<>"",E12,""))
A13: Comportamental | B13: C8 | C13: Evolução profissional | G13: =IF(F13<>"",F13,IF(E13<>"",E13,""))
A14: Técnica | B14: T1 | C14: Acompanhamento de processos e prazos | G14: =IF(F14<>"",F14,IF(E14<>"",E14,""))
A15: Técnica | B15: T2 | C15: Peças e documentos simples | G15: =IF(F15<>"",F15,IF(E15<>"",E15,""))
A16: Técnica | B16: T3 | C16: Apoio ao societário | G16: =IF(F16<>"",F16,IF(E16<>"",E16,""))
A17: Técnica | B17: T4 | C17: Organização e registro | G17: =IF(F17<>"",F17,IF(E17<>"",E17,""))
A18: Técnica | B18: T5 | C18: Aprendizado técnico | G18: =IF(F18<>"",F18,IF(E18<>"",E18,""))
A20: Bloco | C20: Indicador objetivo | D20: Valor do período | G20: Nota | H20: Fonte / observação
A21: Indicador | C21: Faltas injustificadas no semestre | D21: =SUMIFS(Assiduidade!$C$5:$C$28,Assiduidade!$B$5:$B$28,"Alana") | G21: =LOOKUP(D21,Parâmetros!$A$13:$A$17,Parâmetros!$B$13:$B$17) | H21: Aba Assiduidade
A22: Indicador | C22: Atrasos no semestre | D22: =SUMIFS(Assiduidade!$D$5:$D$28,Assiduidade!$B$5:$B$28,"Alana") | G22: =LOOKUP(D22,Parâmetros!$D$13:$D$17,Parâmetros!$E$13:$E$17) | H22: Aba Assiduidade
A23: Indicador | C23: Prazos processuais cumpridos (%) | G23: =IF(D23="","",LOOKUP(D23,Parâmetros!$G$13:$G$17,Parâmetros!$H$13:$H$17)) | H23: Jusbrasil / controle de prazos
A24: Indicador | C24: Peças entregues sem correção relevante (%) | G24: =IF(D24="","",LOOKUP(D24,Parâmetros!$G$13:$G$17,Parâmetros!$H$13:$H$17)) | H24: Revisão da Thamires
A25: Registro | C25: Faltas justificadas / atestados (não entram na nota) | D25: =SUMIFS(Assiduidade!$E$5:$E$28,Assiduidade!$B$5:$B$28,"Alana")
A27: Resultado | C27: Bloco | D27: Média | E27: Peso
C28: Competências comportamentais (comuns a todas) | D28: =IFERROR(ROUND(AVERAGE(G6:G13),2),"") | E28: =Parâmetros!B7
C29: Competências técnicas da função | D29: =IFERROR(ROUND(AVERAGE(G14:G18),2),"") | E29: =Parâmetros!B8
C30: Indicadores objetivos | D30: =IFERROR(ROUND(AVERAGE(G21:G24),2),"") | E30: =Parâmetros!B9
C31: Nota final do ciclo | D31: =IF(OR(D28="",D29="",D30=""),"",ROUND(D28*E28+D29*E29+D30*E30,2)) | E31: =IF(D31="","",LOOKUP(D31,Parâmetros!$A$20:$A$23,Parâmetros!$C$20:$C$23))
A33: Metas proporcionais à jornada de estágio, como pede o briefing (seção 10). O estágio segue a Lei 11.788/2008; a elegibilidade dela à gratificação é decisão da Thamires, com revisão jurídica.

Sheet PDI
A1: Plano de desenvolvimento individual
A2: Versão 1 · 13/10/2026 · proposta para validação da Thamires · uso interno até revisão do Renato
A3: ="Ciclo: "&Parâmetros!B4
A5: Funcionária | B5: Competência a desenvolver | C5: Ação combinada | D5: Apoio da empresa | E5: Prazo | F5: Situação | G5: Comentário no acompanhamento
A6: Júlia
A7: Júlia
A8: Júlia
A9: Vitória
A10: Vitória
A11: Vitória
A12: Tamara
A13: Tamara
A14: Tamara
A15: Alana
A16: Alana
A17: Alana
